{
  "coefficients": {
    "alpha_1": 1.15644578720164,
    "alpha_2": 0.8364100703966468,
    "alpha_3": 1.6477700810193299,
    "alpha_4": 1.0852540669523305,
    "alpha_5": 1.1904102549617976,
    "alpha_6": 1.9631429681565091,
    "alpha_7": 0.11466008019607572,
    "alpha_8": 1.7758346471977224
  },
  "exponent": 6,
  "objective": {
    "mode": "measured_uniaxial_only",
    "weights": {
      "r": 10.0,
      "s45": 50.0,
      "s90": 10.0,
      "sb": 0.0,
      "rb": 0.0
    },
    "final_cost": 2.762732872882722e-20,
    "method": "L-BFGS-B",
    "success": false
  },
  "targets": {
    "r0": 0.712,
    "r45": 0.7998,
    "r90": 0.742,
    "s0": 352.53,
    "s45": 252.17,
    "s90": 381.47,
    "sb": 329.50932579521987,
    "rb": 0.9595687331536388
  },
  "predictions": {
    "r0": 0.7119999999807396,
    "r45": 0.7998000003615218,
    "r90": 0.7420000001767709,
    "sigma45_ratio": 0.7153150086649265,
    "sigma90_ratio": 1.0820923041844517,
    "sigma_b_ratio": 0.7277047048450327,
    "rb": 0.873049214621016
  }
}